Year,First TS,30-y first,Last TS,30-y last
1872,Apr 29,-,Oct 27,-
1873,-,-,-,-
1874,May 8,-,Sep 25,-
1875,-,-,Sep 10,-
1876,Jan 16,-,-,-
1877,Apr 22,-,Sep 15,-
1878,Apr 29,-,Sep 29,-
1879,Apr 12,-,Oct 16,-
1880,May 6,-,Sep 27,-
1881,May 20,-,Sep 26,-
1882,-,-,Oct 5,-
1883,May 17,-,Oct 28,-
1884,May 4,-,Sep 13,-
1885,Apr 9,-,Oct 10,-
1886,Apr 14,-,Sep 19,-
1887,Apr 29,-,Sep 19,-
1888,Apr 25,-,Sep 23,-
1889,May 6,-,Sep 10,-
1890,Apr 19,-,Aug 31,-
1891,May 18,-,Sep 22,-
1892,Jun 8,-,Oct 16,-
1893,May 11,-,Sep 20,-
1894,Apr 24,-,Sep 14,-
1895,Apr 12,-,Sep 17,-
1896,Apr 11,-,Aug 21,-
1897,Mar 29,-,Sep 14,-
1898,May 8,-,Oct 2,-
1899,Apr 24,-,Sep 3,-
1900,-,-,Sep 22,-
1901,Apr 24,-,Sep 24,-
1902,May 18,Apr 24,Aug 31,Sep 23
1903,May 17,Apr 25,Oct 6,Sep 21
1904,May 21,Apr 26,Oct 16,Sep 21
1905,May 15,Apr 26,Sep 17,Sep 22
1906,Apr 17,Apr 27,Sep 25,Sep 22
1907,Mar 21,Apr 30,Aug 22,Sep 22
1908,May 17,Apr 29,Oct 5,Sep 22
1909,May 14,Apr 30,Oct 7,Sep 22
1910,Apr 3,May 1,Sep 17,Sep 22
1911,May 11,Apr 30,Aug 30,Sep 21
1912,Apr 25,Apr 29,Sep 7,Sep 20
1913,Apr 29,Apr 29,Oct 10,Sep 19
1914,Feb 28,Apr 29,Sep 21,Sep 19
1915,Apr 14,Apr 26,Sep 17,Sep 19
1916,May 7,Apr 26,Oct 3,Sep 18
1917,May 16,Apr 27,Sep 24,Sep 19
1918,May 24,Apr 28,Nov 5,Sep 19
1919,Mar 14,Apr 29,Sep 13,Sep 20
1920,May 6,Apr 27,Sep 24,Sep 20
1921,Apr 5,Apr 28,Sep 28,Sep 21
1922,May 9,Apr 26,Oct 5,Sep 21
1923,May 28,Apr 25,Sep 23,Sep 21
1924,Apr 15,Apr 26,Sep 26,Sep 21
1925,Apr 10,Apr 25,Aug 24,Sep 22
1926,May 1,Apr 25,Oct 11,Sep 21
1927,Apr 3,Apr 26,Sep 14,Sep 22
1928,Apr 1,Apr 26,Sep 19,Sep 22
1929,May 25,Apr 25,Oct 4,Sep 22
1930,Apr 20,Apr 26,Sep 15,Sep 23
1931,May 17,Apr 26,Oct 27,Sep 23
1932,May 23,Apr 27,Oct 18,Sep 24
1933,May 17,Apr 27,Sep 18,Sep 26
1934,Apr 7,Apr 27,Sep 13,Sep 25
1935,Jun 2,Apr 25,Oct 14,Sep 24
1936,May 6,Apr 26,Sep 14,Sep 25
1937,May 23,Apr 26,Oct 4,Sep 24
1938,Apr 18,Apr 29,Oct 10,Sep 26
1939,Apr 25,Apr 28,Oct 10,Sep 26
1940,Apr 27,Apr 27,Oct 28,Sep 26
1941,May 3,Apr 28,Sep 20,Sep 27
1942,Apr 14,Apr 27,Oct 4,Sep 28
1943,Jun 8,Apr 27,Aug 31,Sep 29
1944,May 13,Apr 28,Sep 15,Sep 28
1945,Mar 24,May 1,Sep 22,Sep 28
1946,Apr 13,Apr 30,Sep 17,Sep 28
1947,Apr 28,Apr 29,Oct 11,Sep 27
1948,Apr 20,Apr 29,Aug 22,Sep 28
1949,May 12,Apr 28,Sep 16,Sep 25
1950,May 29,Apr 30,Aug 18,Sep 25
1951,Apr 27,Apr 30,Aug 25,Sep 24
1952,May 7,May 1,Sep 13,Sep 23
1953,May 9,May 1,Oct 16,Sep 22
1954,May 20,Apr 30,Sep 28,Sep 23
1955,Apr 11,May 2,Oct 5,Sep 23
1956,May 8,May 2,Oct 1,Sep 24
1957,Apr 23,May 2,Sep 14,Sep 24
1958,Jun 9,May 3,Sep 24,Sep 24
1959,May 3,May 5,Sep 9,Sep 24
1960,Mar 28,May 4,Oct 12,Sep 23
1961,Apr 20,May 3,Sep 19,Sep 24
1962,May 17,May 2,Sep 15,Sep 23
1963,Apr 15,May 2,Sep 27,Sep 22
1964,May 3,May 1,Oct 27,Sep 22
1965,Apr 3,May 2,Sep 8,Sep 24
1966,Apr 23,Apr 30,Dec 5,Sep 23
1967,Apr 11,Apr 30,Sep 13,Sep 25
1968,May 14,Apr 28,Sep 22,Sep 25
1969,May 5,Apr 29,Oct 3,Sep 24
1970,Apr 28,Apr 29,Sep 21,Sep 24
1971,May 16,Apr 29,Oct 18,Sep 23
1972,May 16,Apr 30,Sep 19,Sep 23
1973,Apr 20,May 1,Oct 12,Sep 23
1974,Apr 19,Apr 29,Sep 18,Sep 24
1975,May 13,Apr 29,Nov 7,Sep 24
1976,Apr 14,Apr 30,Sep 7,Sep 26
1977,Apr 17,Apr 30,Sep 21,Sep 26
1978,Mar 31,Apr 30,Sep 4,Sep 25
1979,Apr 18,Apr 29,Sep 9,Sep 25
1980,Apr 6,Apr 28,Sep 8,Sep 25
1981,Apr 21,Apr 27,Oct 30,Sep 26
1982,Apr 15,Apr 26,Dec 2,Sep 28
1983,Apr 25,Apr 26,Sep 28,Oct 1
1984,Apr 26,Apr 25,Oct 11,Sep 30
1985,Apr 20,Apr 24,Oct 23,Oct 1
1986,May 4,Apr 25,Sep 17,Oct 1
1987,Apr 19,Apr 25,Sep 28,Oct 1
1988,May 6,Apr 24,Sep 18,Oct 1
1989,Apr 23,Apr 23,Oct 26,Oct 1
1990,Jan 10,Apr 23,Sep 6,Oct 3
1991,May 10,Apr 20,Oct 3,Oct 1
1992,Jun 3,Apr 21,Sep 15,Oct 2
1993,Apr 26,Apr 22,Sep 8,Oct 2
1994,May 3,Apr 22,Oct 18,Oct 1
1995,Jun 3,Apr 22,Oct 13,Oct 1
1996,May 15,Apr 24,Oct 1,Oct 2
1997,May 10,Apr 25,Oct 12,Sep 30
1998,Apr 10,Apr 26,Oct 14,Oct 1
1999,Mar 29,Apr 25,Oct 6,Oct 2
2000,Apr 5,Apr 23,Nov 1,Oct 2
2001,May 1,Apr 23,Aug 24,Oct 3
2002,Apr 16,Apr 22,Sep 18,Oct 1
2003,Apr 27,Apr 21,Sep 17,Oct 1
2004,Mar 27,Apr 21,Sep 20,Sep 30
2005,Apr 18,Apr 21,Sep 17,Sep 30
2006,Apr 11,Apr 20,Aug 26,Sep 29
2007,May 17,Apr 20,Nov 8,Sep 28
2008,Apr 22,Apr 21,Sep 23,Sep 30
2009,May 13,Apr 21,Sep 27,Oct 1
2010,Apr 2,Apr 22,Sep 10,Oct 1
2011,May 30,Apr 22,Oct 22,Oct 1
2012,Mar 19,Apr 23,Aug 24,Oct 1
2013,Jun 10,Apr 22,Oct 11,Sep 28
2014,May 19,Apr 24,Sep 8,Sep 28
2015,Jun 7,Apr 25,Oct 11,Sep 27
2016,May 22,Apr 26,Sep 24,Sep 27
2017,Apr 14,Apr 27,Oct 21,Sep 27
2018,May 15,Apr 27,Sep 13,Sep 28
2019,Apr 15,Apr 27,Sep 21,Sep 27
2020,Apr 26,Apr 27,Oct 6,Sep 26
2021,May 14,Apr 30,Sep 10,Sep 27
2022,Apr 23,May 1,Oct 24,Sep 26
2023,May 10,Apr 29,Oct 3,Sep 28
2024,May 10,Apr 30,Sep 21,Sep 29
2025,May 15,Apr 30,Oct 16,Sep 28
2026,Apr 22,Apr 29,-,Sep 28
2027,-,Apr 28,-,-